id_cliente,nombre1,nombre2,apellido,email,telefono,calle,numero,localidad,provincia,pais
100000,Mervin,Shelton,Wynn,play1877@gmail.com,+18283187208,Hillside,321,West Lafayette,Wyoming,Guinea
100001,Long,Tobias,Freeman,workout1995@yahoo.com,+14844848092,Ogden,860,Prior Lake,North Dakota,South Korea
100002,Ernest,Doyle,Schroeder,encyclopedia1917@gmail.com,+1-718-139-9614,Woodside,551,Victorville,Maine,Niger
100003,Sean,Wade,Delaney,competition2049@example.com,+15408293935,Kenwood,415,Goleta,Wyoming,Ethiopia
100004,Stormy,Moses,Koch,bestsellers1805@protonmail.com,+19754585152,Eastwood,948,Terre Haute,Georgia,Burkina Faso
100005,Shavonda,Waldo,Ryan,commentary1891@gmail.com,+12157586760,Valparaiso,248,Lynwood,Vermont,South Korea
100006,Kevin,Harry,Benson,exhaust1858@outlook.com,+19120955708,Stratford,824,Whittier,Kentucky,Tunisia
100007,Devin,Verdie,Crosby,announces1870@live.com,+19701251610,Texas,767,Camden,Maine,Mongolia
100008,Cicely,Luanna,Allen,horses1905@yandex.com,+1-701-305-5119,Laguna Honda,1026,Albert Lea,Nebraska,Colombia
100009,Veronika,Camie,Molina,translated1878@example.org,+1-203-407-9002,Bush,723,Newport News,Pennsylvania,Zimbabwe
100010,Charise,Chung,Franco,dylan1971@protonmail.com,+1-918-313-5363,Farview,859,Abilene,Wisconsin,Fiji
100011,Mariel,Maxwell,Huffman,oem1958@live.com,+1-815-911-7191,Rizal,229,Spokane,West Virginia,Cuba
100012,Michiko,Donald,Ramos,max2013@live.com,+1-512-044-9668,Judah,361,Rock Island,Oregon,Ukraine
100013,Louis,Hipolito,Sherman,streaming1860@yahoo.com,+19087792560,Levant,121,Grapevine,New Mexico,Canary Islands
100014,Antione,Franklin,Glenn,calendars1986@example.org,+1-858-528-7400,Graham,274,El Centro,Washington,Netherlands
100015,Abel,Piper,Gutierrez,flexibility1848@yandex.com,+15132445431,Bret Harte,260,Calumet City,West Virginia,Namibia
100016,Otelia,Otha,Mejia,room2012@duck.com,+15048792427,Jones,1021,Shively,California,Canada
100017,Reuben,Alaine,Golden,siemens1826@yahoo.com,+1-810-633-1029,White,199,East Lansing,Arizona,Montenegro
100018,Tien,Aja,Pollard,plate1856@gmail.com,+19033546702,Campus,498,Texas City,Washington,Réunion
100019,Bradford,Connie,Mccormick,president1994@yandex.com,+1-470-100-6999,Faith,139,Redlands,Idaho,Vatican City
100020,Darrel,Lesley,Wiley,annotated1885@outlook.com,+18120509607,Stevenson,431,East Providence,Alabama,Nauru
100021,Benito,Kati,Stark,hello1990@example.org,+1-417-587-7276,Ashbury,910,Yonkers,Montana,Panama
100022,Coralie,Lyla,Powers,due2055@outlook.com,+1-915-685-9666,Mayfair,353,Tracy,Maryland,Liberia
100023,Evelin,Dione,Austin,lenders1864@gmail.com,+1-445-664-7594,Lilac,580,Vancouver,Indiana,Montenegro
100024,Creola,Drucilla,Jordan,schemes2079@protonmail.com,+1-989-604-5746,Linden,815,Doral,Rhode Island,Poland
100025,Margart,Harold,Clarke,sec2044@duck.com,+18046095087,Corona,335,Cranston,Maine,Belize
100026,Bao,Russell,Conrad,dale2094@duck.com,+1-442-720-5586,Miller,1375,Glendora,Wisconsin,Suriname
100027,Emanuel,Dot,Schwartz,hilton1964@example.org,+17726250357,Tomaso,532,Salisbury,Texas,Eritrea
100028,Ardella,Naida,Noble,duke1869@protonmail.com,+19123881629,Bowley,441,Eagle Pass,North Carolina,Panama
100029,Yajaira,Mickey,Blankenship,quotes1900@yahoo.com,+1-754-666-8320,Pierpoint,922,Reno,Iowa,Uganda
100030,Ellsworth,Shyla,Terrell,verizon1945@example.org,+18050028652,China Basin,97,Sumter,Iowa,Congo - Brazzaville
100031,Heike,Willis,Howell,alter1840@example.org,+1-341-622-9317,Morgan,556,Windsor,North Dakota,Iran
100032,Frederick,Lucas,Wiley,mills1895@gmail.com,+16180330375,Windsor Mill,1105,Mukilteo,Maine,Nauru
100033,Francisco,Owen,Ortega,hits1944@gmail.com,+1-949-404-4687,Bank,1133,Alamo,Kentucky,Zambia
100034,Woodrow,Ruben,Henry,machines1953@example.com,+1-732-604-5101,South Park,182,Newton,Minnesota,China
100035,Michiko,Fe,Sanford,advisors2091@yahoo.com,+1-443-162-3136,Lapu-Lapu,1336,New Philadelphia,Arkansas,Liechtenstein
100036,Kanisha,Mathilde,Rosa,sight1873@example.com,+19176607219,Dedman,952,New Hope,Pennsylvania,Chad
100037,Kristle,Fairy,Woodward,various1975@protonmail.com,+13390398235,Majestic,1085,Plum,Alaska,Central African Republic
100038,Tanja,Risa,Finch,directory1964@duck.com,+16606561254,Amazon,665,Rosenberg,North Carolina,Philippines
100039,Danilo,Vasiliki,Lott,own1802@protonmail.com,+1-502-990-9581,Carroll,1132,Oceanside,Maine,British Virgin Islands
100040,Dewey,Shaniqua,Wright,muslims1807@duck.com,+16235303937,Laguna,1389,Sandy,Illinois,Peru
100041,Bruno,Jayna,Hernandez,displays1946@duck.com,+19198465542,Quickstep,1218,McMinnville,Idaho,Ceuta & Melilla
100042,Priscila,Ta,Pope,household2079@example.com,+16267206978,Harrington,615,Burnsville,Vermont,Eritrea
100043,Yasuko,Naoma,Mullins,releases1826@duck.com,+1-601-188-6257,Spreckels Lake,1285,Santa Fe Springs,Connecticut,Puerto Rico
100044,Gary,Elias,Washington,garlic1876@gmail.com,+19072677469,Turk,1082,Fort Worth,Rhode Island,Gambia
100045,Bobbie,Warren,Hart,lexington1941@example.com,+18788022456,Moore,752,Hilton Head Island,New Hampshire,Philippines
100046,Clint,Dave,Murphy,chair1959@live.com,+1-502-577-8270,Red Leaf,151,Oak Harbor,Idaho,Bahamas
100047,Arturo,Delmar,Reeves,applications2006@example.org,+15645806526,Wagner,1126,Ruston,New Hampshire,Oman
100048,Jordan,Cythia,Gay,memphis1970@outlook.com,+1-608-928-6800,Bishop,933,Moorhead,Florida,Turks & Caicos Islands
100049,Joaquin,Elliot,Petersen,utility2023@protonmail.com,+1-412-602-0625,Lunado,429,Del Rio,Arizona,Equatorial Guinea
100050,Tai,Mikaela,Fulton,ride2030@yandex.com,+1-210-004-9901,Avon,85,Chillicothe,Wisconsin,Uzbekistan
100051,Clayton,Leslie,Serrano,tribute1846@example.org,+1-202-045-2028,Music Concourse,39,El Cajon,Hawaii,United Arab Emirates
100052,Brittanie,Francisco,Garcia,partner1830@gmail.com,+1-740-410-2562,Blackstone,867,Barberton,North Carolina,Pakistan
100053,Benny,Hilaria,Gilbert,add1958@yahoo.com,+16369132106,Aloha,236,Costa Mesa,North Carolina,Slovakia
100054,Andrew,Rema,Lancaster,broadband1878@gmail.com,+1-830-324-5335,Halleck,841,Bonita Springs,Tennessee,Guyana
100055,Tashina,Issac,Burks,colin1929@outlook.com,+1-214-695-4151,Diamond,1184,Cudahy,Arkansas,Maldives
100056,Dorie,Cherilyn,Gilbert,fonts2010@live.com,+1-754-984-1851,Maxwell,220,Texarkana,Texas,Algeria
100057,Dalila,Gordon,Kidd,birds1997@outlook.com,+1-940-028-3075,Brookdale,642,Irving,Arkansas,Australia
100058,Renaldo,Nakisha,Padilla,seal1978@yahoo.com,+18084198296,Battery Chamberlin,761,Wenatchee,West Virginia,Cameroon
100059,Harris,Joya,Sandoval,jets2083@live.com,+1-364-283-4779,Mason,659,Altamonte Springs,Minnesota,Bahrain
100060,Nicky,Sebastian,Mcneil,tires1911@duck.com,+1-520-119-1735,Sonora,965,State College,New York,Samoa
100061,Kamilah,Donald,Lowe,bolt1841@protonmail.com,+1-760-205-0711,Young,280,Ardmore,Nebraska,Anguilla
100062,Celine,Jessenia,Beach,focuses2027@gmail.com,+1-478-287-9129,Mono,793,Crestview,Minnesota,Iceland
100063,Thi,Georgann,Pickett,kentucky1975@outlook.com,+14156952092,Langton,934,Hazleton,Wyoming,Nepal
100064,Marica,Dung,Young,fame1872@duck.com,+15024629306,Marist,646,Sunrise,Rhode Island,Iran
100065,Coy,Gwenda,Farrell,findarticles2016@live.com,+15411907100,Cosmo,1000,Fridley,Rhode Island,Pakistan
100066,Erline,Maye,Acosta,support1946@protonmail.com,+1-731-007-5099,Towerside,761,Universal City,Colorado,Canada
100067,Colby,Adrian,Maldonado,tell1976@outlook.com,+18167672177,Oak Access,295,Marana,Kansas,Georgia
100068,Herma,Ta,Mckenzie,widely2087@example.com,+1-848-848-9795,Westgate,1354,Maplewood,Nebraska,India
100069,Jenee,Retta,Medina,filters1898@protonmail.com,+1-919-838-5257,Sternberg,1116,Ossining,New Mexico,Belarus
100070,Corrinne,Tamie,Riddle,toxic2062@protonmail.com,+14847071618,Linda Vista,931,Shawnee,Indiana,Guinea-Bissau
100071,Andrew,Silas,Schwartz,mining1944@duck.com,+1-662-217-3756,Laidley,1388,Brea,Hawaii,Haiti
100072,Ricki,Kris,Valdez,pope2018@outlook.com,+1-928-693-7301,Jack London,256,West Lafayette,Ohio,Niger
100073,Deangelo,Shavonne,Bird,structure1939@duck.com,+1-985-729-1737,Wheeler,204,North Platte,Nebraska,Norway
100074,Homer,Marcelino,Cunningham,slim2077@example.com,+15154217039,Norwich,1319,Clinton,Hawaii,Sweden
100075,Margarett,Jerome,Whitley,steps1892@yahoo.com,+15717820006,Sylvan,1062,Shoreview,Wyoming,Antarctica
100076,Margaretta,Sol,Mcfarland,enforcement1981@protonmail.com,+19288822529,Pierce,815,East Point,New York,Nigeria
100077,Gregory,Arnoldo,Newton,deferred1963@protonmail.com,+16023242406,Atalaya,1271,San Antonio,New York,Hong Kong SAR China
100078,Desmond,Kennith,Rodgers,lane2045@outlook.com,+1-505-699-1527,Jerome,441,Mint Hill,Kentucky,Congo - Kinshasa
100079,Julee,Rasheeda,Merritt,suggest2072@gmail.com,+1-845-707-1270,Tamalpais,646,Lynchburg,Maine,Ethiopia
100080,Sol,Kenton,Cruz,screenshots2098@yahoo.com,+1-364-341-9756,Olmstead,989,Beaverton,Missouri,Nepal
100081,Clint,Fransisca,Montoya,dictionaries2045@example.com,+14695561107,Santa Marina,1171,Sandy Springs,Arizona,Turkmenistan
100082,Tonisha,Priscila,Davis,joke1973@protonmail.com,+16289742076,Easement,1242,Pinecrest,Alaska,Sri Lanka
100083,Lou,Tianna,Duke,romance1890@yahoo.com,+15408680900,Elgin,954,Muskogee,Idaho,Lithuania
100084,Marco,Evan,Dotson,purchased1889@example.org,+18317738980,Wheeler,701,Champlin,Virginia,Micronesia
100085,Roosevelt,Eulah,Fisher,heated2099@example.com,+13033668261,Temple,1176,Mill Creek,Arizona,St. Kitts & Nevis
100086,Jude,Margorie,Woodard,authorities2044@protonmail.com,+12063147139,Amatury,815,Fort Walton Beach,South Carolina,New Caledonia
100087,Francis,Elliot,Riggs,qualify1907@example.com,+1-321-287-3643,School,134,Anchorage,Arizona,São Tomé & Príncipe
100088,Jarod,Bruce,Hood,medal1998@example.org,+14197182360,Roselyn,556,Nixa,Arkansas,Åland Islands
100089,Matthew,Lore,Dennis,sublime2023@yahoo.com,+1-606-546-2824,Clay,911,Boulder,Minnesota,Madagascar
100090,Elenora,Sharmaine,Rodgers,virgin1823@live.com,+13616387267,Cielito,1013,Hopewell,Connecticut,Ireland
100091,Elvis,Vicente,Reeves,cricket1917@live.com,+1-724-949-5263,Pearl,843,Portage,Iowa,Namibia
100092,Stanford,Nelson,Brewer,rendered1908@example.org,+1-940-360-5260,Stow Lake,400,Junction City,Arkansas,Sweden
100093,Joshua,Rob,Suarez,scale1951@yandex.com,+1-508-002-2215,Beacon,314,Holladay,Connecticut,Pitcairn Islands
100094,Kristian,Reginald,Tillman,establish1863@outlook.com,+1-651-590-0812,Forest Hill,1116,Salina,Iowa,Pakistan
100095,Zane,Peter,Taylor,spectacular1822@yahoo.com,+14407240276,Bryant,166,Horn Lake,Utah,Honduras
100096,Shandra,Austin,Peters,irish1990@outlook.com,+17033658733,Claremont,276,Layton,New Mexico,Senegal
100097,Branden,Adalberto,Hunter,symbol1879@protonmail.com,+18030117494,Seventh,1223,Pearl,Rhode Island,Puerto Rico
100098,Marvin,Cliff,Perez,enables1814@duck.com,+17621367717,Forest View,1297,Altus,Oklahoma,Brazil
100099,Rosy,Leonel,Edwards,speakers1957@protonmail.com,+17817302768,Josiah,873,Fargo,South Dakota,Mozambique
